{
  "stage1": {
    "val_accuracy": [
      0.9105250239372253
    ],
    "loss": [
      0.3133842647075653
    ],
    "accuracy": [
      0.9105250239372253
    ],
    "val_loss": [
      0.3133842647075653
    ]
  },
  "stage2": {
    "accuracy": [
      0.023194445297122,
      0.07394444197416306,
      0.1224222257733345,
      0.16726943850517273,
      0.25657498836517334,
      0.3698750138282776,
      0.4861222207546234,
      0.5803833603858948,
      0.6512666940689087,
      0.7011805772781372,
      0.7382472157478333,
      0.7681277990341187,
      0.7910777926445007,
      0.8104666471481323,
      0.8248027563095093
    ],
    "loss": [
      4.103954315185547,
      3.7087347507476807,
      3.3901259899139404,
      3.097308397293091,
      2.6486153602600098,
      2.1449873447418213,
      1.6644117832183838,
      1.31566321849823,
      1.0684607028961182,
      0.9056310057640076,
      0.7843101620674133,
      0.6885377764701843,
      0.6173577904701233,
      0.5540414452552795,
      0.5078924894332886
    ],
    "val_accuracy": [
      0.039000000804662704,
      0.10967499762773514,
      0.15372499823570251,
      0.22705000638961792,
      0.3494499921798706,
      0.48807498812675476,
      0.6034749746322632,
      0.6792749762535095,
      0.7350999712944031,
      0.7697250247001648,
      0.8000500202178955,
      0.8165749907493591,
      0.833774983882904,
      0.8435500264167786,
      0.8531249761581421
    ],
    "val_loss": [
      3.962341070175171,
      3.4785821437835693,
      3.1940255165100098,
      2.789566993713379,
      2.2550060749053955,
      1.689871072769165,
      1.2649976015090942,
      0.9923965930938721,
      0.8116173148155212,
      0.6914948225021362,
      0.5992807149887085,
      0.534500002861023,
      0.47655394673347473,
      0.44300341606140137,
      0.40768560767173767
    ],
    "learning_rate": [
      0.0020000000949949026,
      0.0020000000949949026,
      0.0020000000949949026,
      0.0020000000949949026,
      0.0020000000949949026,
      0.0020000000949949026,
      0.0020000000949949026,
      0.0020000000949949026,
      0.0020000000949949026,
      0.0020000000949949026,
      0.0020000000949949026,
      0.0020000000949949026,
      0.0020000000949949026,
      0.0020000000949949026,
      0.0020000000949949026
    ]
  },
  "stage3": {
    "accuracy": [
      0.8543722033500671,
      0.8615360856056213,
      0.8661249876022339,
      0.86793053150177,
      0.8706666827201843,
      0.8722805380821228,
      0.8742750287055969,
      0.874916672706604,
      0.8777333498001099,
      0.8780472278594971,
      0.8800138831138611,
      0.8816499710083008,
      0.8832972049713135,
      0.8842305541038513,
      0.8846638798713684,
      0.8866860866546631,
      0.8870555758476257,
      0.8880694508552551,
      0.8893527984619141,
      0.8904416561126709,
      0.8902666568756104,
      0.8931305408477783,
      0.893322229385376,
      0.893958330154419,
      0.8950971961021423,
      0.8961277604103088,
      0.8968750238418579,
      0.898152768611908,
      0.8986666798591614,
      0.899994432926178,
      0.9011750221252441,
      0.9009694457054138,
      0.9020722508430481,
      0.9031027555465698,
      0.9038944244384766,
      0.9044722318649292,
      0.9053444266319275,
      0.9062805771827698,
      0.9072944521903992,
      0.907355546951294,
      0.9085500240325928,
      0.9094083309173584,
      0.9102583527565002,
      0.9099027514457703,
      0.9108472466468811,
      0.9119166731834412,
      0.9126416444778442,
      0.9125805497169495,
      0.9135861396789551,
      0.9146361351013184,
      0.9157583117485046,
      0.9159416556358337,
      0.9163472056388855,
      0.9169777631759644,
      0.9180361032485962,
      0.9180527925491333,
      0.9192444682121277,
      0.919480562210083,
      0.9204055666923523,
      0.9175472259521484,
      0.9171777963638306,
      0.9207277894020081,
      0.9217722415924072,
      0.923038899898529,
      0.9232527613639832,
      0.9239166378974915,
      0.924061119556427,
      0.9247860908508301,
      0.925433337688446,
      0.9251027703285217,
      0.9253722429275513,
      0.9258027672767639,
      0.9259499907493591,
      0.9261888861656189,
      0.9267389178276062,
      0.9268805384635925,
      0.9268777966499329,
      0.9266805648803711,
      0.9273916482925415,
      0.9285500049591064,
      0.9288444519042969,
      0.9291861057281494,
      0.9292472004890442,
      0.9299471974372864,
      0.9300666451454163,
      0.930138885974884,
      0.9309777617454529,
      0.9311583042144775,
      0.9307166934013367,
      0.9311333298683167,
      0.9305166602134705,
      0.9314305782318115
    ],
    "loss": [
      0.4201229512691498,
      0.3966470956802368,
      0.38527798652648926,
      0.37746697664260864,
      0.3697129786014557,
      0.3643018305301666,
      0.3580107092857361,
      0.355426162481308,
      0.34947389364242554,
      0.34641584753990173,
      0.3408641815185547,
      0.33728915452957153,
      0.33295172452926636,
      0.32964685559272766,
      0.3256816565990448,
      0.3226930797100067,
      0.32004573941230774,
      0.3174624741077423,
      0.3131105601787567,
      0.3115580976009369,
      0.3089582026004791,
      0.30432355403900146,
      0.3032853603363037,
      0.30053067207336426,
      0.29638412594795227,
      0.29410845041275024,
      0.291494756937027,
      0.2884584963321686,
      0.28678351640701294,
      0.28489476442337036,
      0.2826898694038391,
      0.28006765246391296,
      0.27764374017715454,
      0.2752118408679962,
      0.27308425307273865,
      0.27058231830596924,
      0.2688232958316803,
      0.2665606737136841,
      0.26372194290161133,
      0.2632073163986206,
      0.2599584758281708,
      0.2590979337692261,
      0.2553696930408478,
      0.255997896194458,
      0.25282377004623413,
      0.25082817673683167,
      0.24912673234939575,
      0.24857576191425323,
      0.24549353122711182,
      0.24387367069721222,
      0.2418278157711029,
      0.24018186330795288,
      0.23921725153923035,
      0.23701252043247223,
      0.23439672589302063,
      0.23367933928966522,
      0.2318066656589508,
      0.23075570166110992,
      0.2286125272512436,
      0.23786060512065887,
      0.23739251494407654,
      0.22828611731529236,
      0.22444882988929749,
      0.22154182195663452,
      0.21987469494342804,
      0.21887120604515076,
      0.21807308495044708,
      0.21710550785064697,
      0.21554972231388092,
      0.21545064449310303,
      0.21527105569839478,
      0.21444933116436005,
      0.2131158411502838,
      0.21281547844409943,
      0.21171221137046814,
      0.21147960424423218,
      0.21088209748268127,
      0.21064594388008118,
      0.2092278152704239,
      0.20845596492290497,
      0.20680475234985352,
      0.2065439224243164,
      0.20594264566898346,
      0.20388171076774597,
      0.20367589592933655,
      0.2025916427373886,
      0.2015674114227295,
      0.2012115865945816,
      0.2017735242843628,
      0.2015172690153122,
      0.2016836553812027,
      0.20102432370185852
    ],