{
  "reverse_2b": {
    "accuracy": [
      0.02349444478750229
    ],
    "loss": [
      4.1192121505737305
    ],
    "val_accuracy": [
      0.047175001353025436
    ],
    "val_loss": [
      3.8970398902893066
    ],
    "learning_rate": [
      0.0010000000474974513
    ]
  },
  "reverse_2a": {
    "accuracy": [
      0.01724444516003132
    ],
    "loss": [
      4.8234710693359375
    ],
    "val_accuracy": [
      0.017224999144673347
    ],
    "val_loss": [
      5.380478858947754
    ],
    "learning_rate": [
      0.0010000000474974513
    ]
  },
  "reverse_1_freeze_cnn": {
    "accuracy": [
      0.01683611050248146
    ],
    "loss": [
      4.199716091156006
    ],
    "val_accuracy": [
      0.016750000417232513
    ],
    "val_loss": [
      4.107317924499512
    ],
    "learning_rate": [
      0.0005000000237487257
    ]
  },
  "reverse_1_freeze_lstm": {
    "accuracy": [
      0.01673888973891735
    ],
    "loss": [
      4.126893520355225
    ],
    "val_accuracy": [
      0.0
    ],
    "val_loss": [
      7.32395076751709
    ],
    "learning_rate": [
      0.0005000000237487257
    ]
  },
  "reverse_1_full": {
    "accuracy": [
      0.0168277770280838
    ],
    "loss": [
      4.115025520324707
    ],
    "val_accuracy": [
      0.019500000402331352
    ],
    "val_loss": [
      4.096454620361328
    ],
    "learning_rate": [
      9.999999747378752e-05
    ]
  }
}