{
  "stage1": {
    "val_accuracy": [
      0.8823000192642212
    ],
    "accuracy": [
      0.8823000192642212
    ],
    "val_loss": [
      0.323184609413147
    ],
    "loss": [
      0.323184609413147
    ]
  },
  "stage2a": {
    "val_accuracy": [
      0.8838750123977661
    ],
    "accuracy": [
      0.8838750123977661
    ],
    "val_loss": [
      0.3147789239883423
    ],
    "loss": [
      0.3147789239883423
    ]
  },
  "stage2b": {
    "val_accuracy": [
      0.8919500112533569
    ],
    "accuracy": [
      0.8919500112533569
    ],
    "val_loss": [
      0.29994896054267883
    ],
    "loss": [
      0.29994896054267883
    ]
  },
  "stage3_full": {
    "val_accuracy": [
      0.9315500259399414
    ],
    "accuracy": [
      0.9315500259399414
    ],
    "val_loss": [
      0.1826116293668747
    ],
    "loss": [
      0.1826116293668747
    ]
  }
}