{
  "stage1": {
    "val_accuracy": [
      0.8823000192642212
    ],
    "accuracy": [
      0.8823000192642212
    ],
    "val_loss": [
      0.323184609413147
    ],
    "loss": [
      0.323184609413147
    ]
  },
  "stage2a": {
    "val_accuracy": [
      0.8838750123977661
    ],
    "accuracy": [
      0.8838750123977661
    ],
    "val_loss": [
      0.3147789239883423
    ],
    "loss": [
      0.3147789239883423
    ]
  },
  "stage2b": {
    "accuracy": [
      0.037183333188295364,
      0.26863333582878113,
      0.5063638687133789,
      0.6266916394233704,
      0.6907833218574524,
      0.7288472056388855,
      0.7607194185256958,
      0.7790166735649109,
      0.7985555529594421,
      0.8079277873039246,
      0.8204416632652283,
      0.828938901424408,
      0.8355777859687805,
      0.8429222106933594,
      0.8466277718544006,
      0.851877748966217,
      0.8552777767181396,
      0.8624749779701233,
      0.8639500141143799,
      0.8667944669723511,
      0.8690249919891357,
      0.8737638592720032,
      0.8744388818740845,
      0.8789194226264954,
      0.8816666603088379,
      0.8837361335754395,
      0.8860416412353516,
      0.8875389099121094,
      0.8893416523933411,
      0.8920639157295227
    ],
    "loss": [
      4.0407304763793945,
      2.690187692642212,
      1.7191805839538574,
      1.267874002456665,
      1.031612753868103,
      0.8901936411857605,
      0.7771406173706055,
      0.7098892331123352,
      0.6420618295669556,
      0.6044550538063049,
      0.5614385604858398,
      0.5305303931236267,
      0.5043209791183472,
      0.4789310395717621,
      0.46556419134140015,
      0.44578832387924194,
      0.43466854095458984,
      0.4111417233943939,
      0.4034428000450134,
      0.39500242471694946,
      0.385709673166275,
      0.371560275554657,
      0.3681967556476593,
      0.35408124327659607,
      0.34649690985679626,
      0.3383486568927765,
      0.33069199323654175,
      0.32788896560668945,
      0.3200691044330597,
      0.3136128783226013
    ],
    "val_accuracy": [
      0.02070000022649765,
      0.42329999804496765,
      0.6085749864578247,
      0.7142750024795532,
      0.7315000295639038,
      0.7928749918937683,
      0.814300000667572,
      0.8232250213623047,
      0.8364999890327454,
      0.8484500050544739,
      0.8440999984741211,
      0.8564749956130981,
      0.8657500147819519,
      0.8647000193595886,
      0.8695999979972839,
      0.8712999820709229,
      0.8774250149726868,
      0.8778250217437744,
      0.8715749979019165,
      0.8776999711990356,
      0.8774499893188477,
      0.8818749785423279,
      0.8841999769210815,
      0.88919997215271,
      0.8876749873161316,
      0.8901000022888184,
      0.8913499712944031,
      0.8911250233650208,
      0.8918250203132629,
      0.8919500112533569
    ],
    "val_loss": [
      4.2243123054504395,
      2.0740554332733154,
      1.349548578262329,
      0.9885296821594238,
      0.8986107707023621,
      0.6893557906150818,
      0.6026871800422668,
      0.5547183752059937,
      0.5087894797325134,
      0.4720422923564911,
      0.4747559428215027,
      0.4213320314884186,
      0.4002283811569214,
      0.4023885428905487,
      0.38062503933906555,
      0.3675333857536316,
      0.349423348903656,
      0.34603026509284973,
      0.36890411376953125,
      0.3454909324645996,
      0.3441551625728607,
      0.3321346640586853,
      0.320277601480484,
      0.30982014536857605,
      0.31445005536079407,
      0.311455100774765,
      0.29884737730026245,
      0.29828524589538574,
      0.29744410514831543,
      0.29995182156562805
    ],
    "learning_rate": [
      0.0010000000474974513,
      0.0010000000474974513,
      0.0010000000474974513,
      0.0010000000474974513,
      0.0010000000474974513,
      0.0010000000474974513,
      0.0010000000474974513,
      0.0010000000474974513,
      0.0010000000474974513,
      0.0010000000474974513,
      0.0010000000474974513,
      0.0010000000474974513,
      0.0010000000474974513,
      0.0010000000474974513,
      0.0010000000474974513,
      0.0010000000474974513,
      0.0010000000474974513,
      0.0010000000474974513,
      0.0010000000474974513,
      0.0010000000474974513,
      0.0010000000474974513,
      0.0010000000474974513,
      0.0010000000474974513,
      0.0010000000474974513,
      0.0010000000474974513,
      0.0010000000474974513,
      0.0010000000474974513,
      0.0010000000474974513,
      0.0010000000474974513,
      0.0010000000474974513
    ]
  },
  "stage3_freeze_cnn": {
    "accuracy": [
      0.7329249978065491,
      0.8818944692611694,
      0.8974972367286682,
      0.905905544757843,
      0.9117444157600403,
      0.9149777889251709,
      0.9195833206176758,
      0.9233139157295227,
      0.9267666935920715,
      0.9286277890205383,
      0.930483341217041,
      0.9347916841506958,
      0.9376111030578613,
      0.9395666718482971,
      0.9419388771057129,
      0.9443416595458984,
      0.9454166889190674,
      0.9473277926445007,
      0.950647234916687,
      0.956333339214325,
      0.9585999846458435,
      0.9603305459022522,
      0.9611027836799622,
      0.9644972085952759,
      0.9653722047805786,
      0.9661499857902527,
      0.966783344745636,
      0.967555582523346,
      0.9683611392974854,
      0.9700444340705872,
      0.9708611369132996,
      0.9707833528518677,
      0.972083330154419,
      0.9725388884544373,
      0.9726666808128357,
      0.9731583595275879
    ],
    "loss": [
      0.9822531342506409,
      0.33186009526252747,
      0.2811102867126465,
      0.25322282314300537,
      0.2335941046476364,
      0.22344470024108887,
      0.20834022760391235,
      0.19850017130374908,
      0.1889449506998062,
      0.18482834100723267,
      0.1804567128419876,
      0.1675247997045517,
      0.16119451820850372,
      0.15662315487861633,
      0.15140105783939362,
      0.14598406851291656,
      0.14333494007587433,
      0.14006587862968445,
      0.13179177045822144,
      0.11915532499551773,
      0.11451724171638489,
      0.11098378896713257,
      0.10923340171575546,
      0.10256749391555786,
      0.10005350410938263,
      0.09888746589422226,
      0.09724065661430359,
      0.09599072486162186,
      0.09410297125577927,
      0.09080938249826431,
      0.08919908851385117,
      0.08864682167768478,
      0.08665454387664795,
      0.08573766052722931,
      0.0854291096329689,
      0.08431605249643326
    ],
    "val_accuracy": [
      0.8845000267028809,
      0.8978000283241272,
      0.9011250138282776,
      0.904325008392334,
      0.9074249863624573,
      0.9085999727249146,
      0.9097999930381775,
      0.9113749861717224,
      0.913100004196167,
      0.9132999777793884,
      0.9162499904632568,
      0.9176250100135803,
      0.9170500040054321,
      0.9178000092506409,
      0.9183750152587891,
      0.9185500144958496,
      0.9175999760627747,
      0.919950008392334,
      0.9212250113487244,
      0.9232500195503235,
      0.9236999750137329,
      0.9242500066757202,
      0.9249500036239624,
      0.9248250126838684,
      0.9257500171661377,
      0.9264249801635742,
      0.925724983215332,
      0.9257500171661377,
      0.9264749884605408,
      0.9267249703407288,
      0.9262750148773193,
      0.927174985408783,
      0.9274500012397766,
      0.9276750087738037,
      0.9276250004768372,
      0.9280250072479248
    ],